{
  "task": "yprop_4_1",
  "config": "balanced",
  "total_folds": 10,
  "successful_folds": 10,
  "failed_folds": 0,
  "r2_mean": 0.0796566804930079,
  "r2_std": 0.03604353454769528,
  "r2_min": 0.005290198150193159,
  "r2_max": 0.11985712400034121,
  "training_time_mean": 400.47091081142423,
  "training_time_total": 4004.7091081142426,
  "fold_results": [
    {
      "task": "yprop_4_1",
      "fold": 1,
      "config": "balanced",
      "training_time": 410.52725195884705,
      "ensemble_size": 5,
      "best_model_scores": [
        0.08153088203177086,
        0.07788021521513913,
        0.07778976984682102,
        0.0774720612813734,
        0.07734292129449652
      ],
      "dataset_shape": [
        7196,
        62
      ],
      "test_shape": [
        800,
        62
      ],
      "r2_score": 0.09901623120636616,
      "mse": 0.0006621757269152234,
      "rmse": 0.02573277534420303,
      "test_predictions_shape": [
        800
      ]
    },
    {
      "task": "yprop_4_1",
      "fold": 2,
      "config": "balanced",
      "training_time": 270.2952060699463,
      "ensemble_size": 5,
      "best_model_scores": [
        0.07552455042804433,
        0.07276888496100511,
        0.07269438061551928,
        0.07265593191250734,
        0.07259748740834418
      ],
      "dataset_shape": [
        7196,
        62
      ],
      "test_shape": [
        800,
        62
      ],
      "r2_score": 0.08891073954646533,
      "mse": 0.0007594137570547934,
      "rmse": 0.027557462819620994,
      "test_predictions_shape": [
        800
      ]
    },
    {
      "task": "yprop_4_1",
      "fold": 3,
      "config": "balanced",
      "training_time": 289.6108877658844,
      "ensemble_size": 5,
      "best_model_scores": [
        0.07817721916463145,
        0.07588998732318089,
        0.07576247337605387,
        0.07404207495026474,
        0.0733455098644131
      ],
      "dataset_shape": [
        7196,
        62
      ],
      "test_shape": [
        800,
        62
      ],
      "r2_score": 0.07496399195610592,
      "mse": 0.0007485740230059875,
      "rmse": 0.027360080829668385,
      "test_predictions_shape": [
        800
      ]
    },
    {
      "task": "yprop_4_1",
      "fold": 4,
      "config": "balanced",
      "training_time": 295.16011691093445,
      "ensemble_size": 5,
      "best_model_scores": [
        0.06868251729625388,
        0.06750395718788009,
        0.06740505250713073,
        0.06693237636769848,
        0.066784065074071
      ],
      "dataset_shape": [
        7196,
        62
      ],
      "test_shape": [
        800,
        62
      ],
      "r2_score": 0.11478247841816891,
      "mse": 0.0007341298587838854,
      "rmse": 0.0270948308498851,
      "test_predictions_shape": [
        800
      ]
    },
    {
      "task": "yprop_4_1",
      "fold": 5,
      "config": "balanced",
      "training_time": 293.49119567871094,
      "ensemble_size": 5,
      "best_model_scores": [
        0.08073286562768327,
        0.07684737514056719,
        0.07652221151887703,
        0.07645257989114981,
        0.07631935859386238
      ],
      "dataset_shape": [
        7196,
        62
      ],
      "test_shape": [
        800,
        62
      ],
      "r2_score": 0.0779347974489224,
      "mse": 0.0007752242687284961,
      "rmse": 0.027842849508060343,
      "test_predictions_shape": [
        800
      ]
    },
    {
      "task": "yprop_4_1",
      "fold": 6,
      "config": "balanced",
      "training_time": 877.133682012558,
      "ensemble_size": 5,
      "best_model_scores": [
        0.09062751615278224,
        0.09053241590256485,
        0.08878452890487429,
        0.088595781346095,
        0.0885655455241243
      ],
      "dataset_shape": [
        7196,
        62
      ],
      "test_shape": [
        800,
        62
      ],
      "r2_score": 0.005290198150193159,
      "mse": 0.0007385488986153188,
      "rmse": 0.02717625615524182,
      "test_predictions_shape": [
        800
      ]
    },
    {
      "task": "yprop_4_1",
      "fold": 7,
      "config": "balanced",
      "training_time": 297.72819209098816,
      "ensemble_size": 5,
      "best_model_scores": [
        0.07974701069698409,
        0.07847162746476474,
        0.07453657497457351,
        0.07418349480503453,
        0.07350494916811148
      ],
      "dataset_shape": [
        7197,
        62
      ],
      "test_shape": [
        799,
        62
      ],
      "r2_score": 0.11179726037023074,
      "mse": 0.0007790637512158623,
      "rmse": 0.027911713512714733,
      "test_predictions_shape": [
        799
      ]
    },
    {
      "task": "yprop_4_1",
      "fold": 8,
      "config": "balanced",
      "training_time": 319.45510172843933,
      "ensemble_size": 5,
      "best_model_scores": [
        0.08302600773965219,
        0.08302600773965219,
        0.08279147452032913,
        0.08259835069028279,
        0.08128995989066623
      ],
      "dataset_shape": [
        7197,
        62
      ],
      "test_shape": [
        799,
        62
      ],
      "r2_score": 0.07996811976858509,
      "mse": 0.0007155077618135413,
      "rmse": 0.026748976836760342,
      "test_predictions_shape": [
        799
      ]
    },
    {
      "task": "yprop_4_1",
      "fold": 9,
      "config": "balanced",
      "training_time": 267.138475894928,
      "ensemble_size": 5,
      "best_model_scores": [
        0.07784193141488613,
        0.076749340077361,
        0.07663168011828463,
        0.07634167829377767,
        0.07632898174729327
      ],
      "dataset_shape": [
        7197,
        62
      ],
      "test_shape": [
        799,
        62
      ],
      "r2_score": 0.11985712400034121,
      "mse": 0.0007119715507653554,
      "rmse": 0.02668279503285507,
      "test_predictions_shape": [
        799
      ]
    },
    {
      "task": "yprop_4_1",
      "fold": 10,
      "config": "balanced",
      "training_time": 684.168998003006,
      "ensemble_size": 5,
      "best_model_scores": [
        0.0910240013861692,
        0.0905602784739628,
        0.09047137185242907,
        0.08937151537065575,
        0.0893586806928578
      ],
      "dataset_shape": [
        7197,
        62
      ],
      "test_shape": [
        799,
        62
      ],
      "r2_score": 0.024045864064700107,
      "mse": 0.001733545475682857,
      "rmse": 0.04163586765858083,
      "test_predictions_shape": [
        799
      ]
    }
  ]
}