{
  "task": "wine_quality",
  "config": "balanced",
  "total_folds": 10,
  "successful_folds": 10,
  "failed_folds": 0,
  "r2_mean": 0.481907990391627,
  "r2_std": 0.026059411832221477,
  "r2_min": 0.4475164891703942,
  "r2_max": 0.5273795169434794,
  "training_time_mean": 316.53521926403045,
  "training_time_total": 3165.3521926403046,
  "fold_results": [
    {
      "task": "wine_quality",
      "fold": 1,
      "config": "balanced",
      "training_time": 284.780663728714,
      "ensemble_size": 5,
      "best_model_scores": [
        0.46437926292419435,
        0.4537792525056866,
        0.4536015713702426,
        0.45299387321542006,
        0.45293507850704257
      ],
      "dataset_shape": [
        3946,
        12
      ],
      "test_shape": [
        439,
        12
      ],
      "r2_score": 0.504293234852925,
      "mse": 0.3863930846867954,
      "rmse": 0.6216052482780333,
      "test_predictions_shape": [
        439
      ]
    },
    {
      "task": "wine_quality",
      "fold": 2,
      "config": "balanced",
      "training_time": 258.1929919719696,
      "ensemble_size": 5,
      "best_model_scores": [
        0.4691511392593384,
        0.4681615114212036,
        0.46570706367492676,
        0.4648850202560425,
        0.46484172344207764
      ],
      "dataset_shape": [
        3946,
        12
      ],
      "test_shape": [
        439,
        12
      ],
      "r2_score": 0.5175221253696545,
      "mse": 0.37608144043835257,
      "rmse": 0.613254792429992,
      "test_predictions_shape": [
        439
      ]
    },
    {
      "task": "wine_quality",
      "fold": 3,
      "config": "balanced",
      "training_time": 286.8923919200897,
      "ensemble_size": 5,
      "best_model_scores": [
        0.4667059302330017,
        0.4632215407216142,
        0.4608277834563318,
        0.46013811287130785,
        0.45909421790307003
      ],
      "dataset_shape": [
        3946,
        12
      ],
      "test_shape": [
        439,
        12
      ],
      "r2_score": 0.4762630107024266,
      "mse": 0.4082420597976353,
      "rmse": 0.6389382284678506,
      "test_predictions_shape": [
        439
      ]
    },
    {
      "task": "wine_quality",
      "fold": 4,
      "config": "balanced",
      "training_time": 286.7641851902008,
      "ensemble_size": 5,
      "best_model_scores": [
        0.4524704098701477,
        0.4505150709196636,
        0.44804239730036766,
        0.44804239730036766,
        0.44804239730036766
      ],
      "dataset_shape": [
        3946,
        12
      ],
      "test_shape": [
        439,
        12
      ],
      "r2_score": 0.4475164891703942,
      "mse": 0.43231782404173846,
      "rmse": 0.6575088014937431,
      "test_predictions_shape": [
        439
      ]
    },
    {
      "task": "wine_quality",
      "fold": 5,
      "config": "balanced",
      "training_time": 270.20155096054077,
      "ensemble_size": 5,
      "best_model_scores": [
        0.4648516535758972,
        0.46181028292563997,
        0.46155629333740417,
        0.46069035790080337,
        0.4604854436631408
      ],
      "dataset_shape": [
        3946,
        12
      ],
      "test_shape": [
        439,
        12
      ],
      "r2_score": 0.4604426120385744,
      "mse": 0.4246724640818427,
      "rmse": 0.651668983519887,
      "test_predictions_shape": [
        439
      ]
    },
    {
      "task": "wine_quality",
      "fold": 6,
      "config": "balanced",
      "training_time": 274.5415470600128,
      "ensemble_size": 5,
      "best_model_scores": [
        0.4585606217384338,
        0.453475433176502,
        0.45151144696250434,
        0.4510334469112621,
        0.4505397593405081
      ],
      "dataset_shape": [
        3947,
        12
      ],
      "test_shape": [
        438,
        12
      ],
      "r2_score": 0.4896725048786542,
      "mse": 0.39085897834002986,
      "rmse": 0.6251871546505333,
      "test_predictions_shape": [
        438
      ]
    },
    {
      "task": "wine_quality",
      "fold": 7,
      "config": "balanced",
      "training_time": 388.36302423477173,
      "ensemble_size": 5,
      "best_model_scores": [
        0.4751119136810303,
        0.4670751818958797,
        0.46262298822402953,
        0.46237553358078004,
        0.4621827721595764
      ],
      "dataset_shape": [
        3947,
        12
      ],
      "test_shape": [
        438,
        12
      ],
      "r2_score": 0.4562541552573325,
      "mse": 0.4164540366421382,
      "rmse": 0.6453325008413401,
      "test_predictions_shape": [
        438
      ]
    },
    {
      "task": "wine_quality",
      "fold": 8,
      "config": "balanced",
      "training_time": 279.9378550052643,
      "ensemble_size": 5,
      "best_model_scores": [
        0.4500362277030945,
        0.44874061851024527,
        0.44819707690231114,
        0.4478718896685131,
        0.4477117292339748
      ],
      "dataset_shape": [
        3947,
        12
      ],
      "test_shape": [
        438,
        12
      ],
      "r2_score": 0.4814887292609552,
      "mse": 0.391548389736946,
      "rmse": 0.6257382757486919,
      "test_predictions_shape": [
        438
      ]
    },
    {
      "task": "wine_quality",
      "fold": 9,
      "config": "balanced",
      "training_time": 476.3062148094177,
      "ensemble_size": 5,
      "best_model_scores": [
        0.45723956411400657,
        0.45688226059179415,
        0.4567708384705746,
        0.453693941399108,
        0.452925911477054
      ],
      "dataset_shape": [
        3947,
        12
      ],
      "test_shape": [
        438,
        12
      ],
      "r2_score": 0.5273795169434794,
      "mse": 0.36189794291717686,
      "rmse": 0.6015795399755355,
      "test_predictions_shape": [
        438
      ]
    },
    {
      "task": "wine_quality",
      "fold": 10,
      "config": "balanced",
      "training_time": 359.3717677593231,
      "ensemble_size": 5,
      "best_model_scores": [
        0.4546417242712023,
        0.4546417242712023,
        0.4545035322149107,
        0.45419399697797475,
        0.45417114721169216
      ],
      "dataset_shape": [
        3947,
        12
      ],
      "test_shape": [
        438,
        12
      ],
      "r2_score": 0.45824752544187497,
      "mse": 0.4148341283156553,
      "rmse": 0.6440761820744929,
      "test_predictions_shape": [
        438
      ]
    }
  ]
}